sample_id,caption,concreteness_annotation,icc_score
2324140000000.0,"Celebrating 20 years, EGEC shares declaration on the great role of geothermal energy",1,0.0155464746057987
2181740000000.0,"summer fashion scarvesnew scarf trendswhite by scarvesCHIC on Etsy, $15.90",1,0.0235476084053516
2834230000000.0,change my background how to change desktop background in windows 10,1,0.0236632209271192
1440160000000.0,"We only supply the tire. If there is a rim shown in the picture, it is for display purposes only. The picture serves only for representation purposes.",0,0.0172963496297597
2013300000000.0,Colorful streamers hanging from the ceiling.,3,0.8641681671142578
881004000000.0,"The logo of German carmaker BMW is seen on a car displayed during the annual results press conference in Munich, southern Germany, on March 19, 2013. German top-of-the-range carmaker BMW said today it is 'cautiously optimistic' for business in 2013 after achieving the best year in the company's history last year. STACHE",1,0.0325929634273052
3858680000000.0,A spotted harrier cruising to look for food,3,0.9069790840148926
1045000000000.0,creative eyelashes - closeup of the eye of woman with...,2,0.2679037749767303
72972011083.0,2013 men's the novelty original t-shirt with patterns Double-headed eagle and RUSSIA sizel xl xxl xxxl 4xl shirts free shipping,1,0.0205955225974321
3466280000000.0,Novak Djokovic (Ser) defeated Juan Martin Del Potro (Arg) in US Open final<br /> Flushing Meadows 09-09-2018 US Open<br /> Tennis Grande Slam 2018 Finale Uomini - Men's Final <br /> Foto Couvercelle /Panoramic / Insidefoto <br /> ITALY ONLY,1,0.005611527711153
3693150000000.0,"Sanusi under house arrest, moved to a 2-bedroom apartment without electricity & access roads (Photos",1,0.0330206044018268
3660010000000.0,a stack of miso chocolate chip cookies on a white plate,3,0.9560190439224244
209346000000.0,"MAJESTIC PET PRODUCTS - Santorini Chevron Round Pet Bed - pet bed looks great in any room of your house and is filled with ultra-plush fiberfill for luxurious napping. The removable zippered slipcover is made from outdoor-treated, UV-protected polyester for durability, and the base is made from heavy-duty waterproof 300/600 denier fabric that can go inside or out. Spot clean the slipcover and hang dry. Comes in a variety of colors and patterns, so you can pick the one that complements your decor.",1,0.0318205095827579
3689810000000.0,Simply Perfect Braided Wedges,2,0.2090942859649658
3174410000000.0,Bobcat in a hollow log,3,0.6979160904884338
3985200000000.0,Travertine is a perfect partner2,0,0.0139991557225584
184108000000.0,Young girl in a party dress looking bored and unhappy,3,0.9832189083099364
44378002368.0,BMW Is Looking Into Gas-Powered Vehicles,1,0.0549543350934982
2386880000000.0,there is also a small laundry with all-in-one washer and dryer,1,0.261753648519516
1460300000000.0,QR Code for Florida Virtual School at local Shell Gas Station,2,0.0585364289581775
179336000000.0,How to get a bobcat out of your window blinds,1,0.4948503673076629
2902680000000.0,Incotex Benson Straight Leg Wool Trousers,2,0.0662185102701187
7299055566.0,FI Week #5 #6 #7 : Let the new digital influencers shine,0,0.0065253125503659
2637370000000.0,1000 ideas about lake house plans on pinterest house for Basement planner online,1,0.0473056174814701
4161950000000.0,"New Years Fireworks in Seattle, 2011->2012",2,0.0183182377368211
2687440000000.0,buy a domain name,0,0.0422002300620079
1339410000000.0,tree with birds and birdcages vector image,3,0.2521201074123382
180519000000.0,"Tate Stevens - Winner of 2012 X Factor, Simon Cowell — Stock Photo",0,0.010540478862822
3389540000000.0,A glass bowl full of yellow cream and red and orange coloured fruit on pink & white background,3,0.9638179540634156
2527530000000.0,A sport fishing boat heading out of Wanchese harbor of the Outer Banks at dawn for a day of off-shore fishing.,2,0.7398384213447571
891733000000.0,ONLY - Cara Long Sleeve Shirt (Navy Blazer) Women,1,0.064393363893032
150744000000.0,Click this cover for a(n) eBook sample of Choke Point,0,0.01691210642457
1091790000000.0,Young blond woman wearing a dress in the forest,3,1.037286400794983
2419520000000.0,interior design for my home minimalist interior design is maximum on style,1,0.0363848060369491
46485007958.0,Stock photo of homemade cookies and a cup of coffe,3,0.724673867225647
159982000000.0,"Christopher Boffoli's photograph of a toy motorcycle rider, jumping over three toy cars and a slice of cheesecake",2,0.8179330825805664
4207670000000.0,EHM water ionizer and alkaline water machine factory on sale,2,0.0738830938935279
2073510000000.0,pictures of bedroom architectural details from hgtv,2,0.0949592739343643
204417000000.0,Raw Oysters are the perfect food to increase your testosterone!,1,0.0331636220216751
13309047591.0,Foreign stocks for students and grannies,1,0.044318251311779
1028830000000.0,Elderly man with a cocktail during holidays,3,1.0017191171646118
1385260000000.0,All cold and hot rolling seamless steel pipe diameter,1,0.1180852577090263
2735740000000.0,Words of Gymnastics Terminology w/ Monogram Drawstring Bag,0,0.0755570530891418
681415000000.0,Peace Love Colorectal Surgery Oval Sticker (50 pk),2,0.0204151216894388
3082820000000.0,moonstruck chocolates,2,0.2223808616399765
1322920000000.0,2008 Volkswagen GTI Photo,2,0.0444341003894805
3185480000000.0,"a bundt wedding cake with white chocolate dripping, evergreens, pinecones and sugar powder to imitate snow",3,0.553659200668335
3924520000000.0,Prince Harry to lose honorary military titles as palace confirms exit date from royal family,1,0.0225837510079145
2490950000000.0,Explore One 70mm Telescope,1,0.136539027094841
9585061801.0,"His last at-bat, a pop fly to center field. #garrettreade #littleleague #thatsmyboy",0,0.0287658665329217
1640740000000.0,"The mess I left at the end of the school year in 2015 when I couldn't unpack or move into my new classroom, but had to MOVE everything to my new classroom!",1,0.0241927951574325
178876000000.0,Ducati Desmoquattro at 2009 Seattle International Motorcycle Show 2.jpg,2,0.0258307047188282
2888070000000.0,Higher consumption of sugary beverages linked with increased risk of mortality,0,0.0450364798307418
413399000000.0,foto of wallabies  - Portrait of a wallaby in the nature - JPG,3,0.1259155869483947
2268910000000.0,architectural drawings for sale unknown vintage architectural drawing for sale at 1stdibs,1,0.0404167585074901
3051940000000.0,2PCS/Set Hematite Natural Stone Bracelet1,1,0.0513510592281818
1365540000000.0,Vivid Vision for Success | Rich Karlgaard,0,0.0256988815963268
1089150000000.0,The pistol 01 concept is a very precise and reliable sidearm!,0,0.0372255593538284
3092220000000.0,welcome to india card with famous landmarks vector image,2,0.0809210687875747
125767000000.0,No time to explain.  Just put on the hats and act casual.,0,0.0319115370512008
3063420000000.0,"Another member said she'd tried for years to get her floor to look this clean, declaring she 'loved' the bargain mop. Picture: Mums Who Clean",1,0.0180516615509986
1922040000000.0,and when the clock strikes midnight halloween will be over,1,0.0222302414476871
924649000000.0,"c1913 to 1955 tall stack of music, opera and ballet books  sg",2,0.0470925830304622
4265180000000.0,A young boy stands in front of a wall with height measurement marks and has his hand up to show how tall he'd like to be,3,0.9056270718574524
1359250000000.0,Image result for paytm with modi advertisement,1,0.0151146771386265
2858310000000.0,An entrance door to transform your home for Home front entry doors,1,0.1980525255203247
1328060000000.0,Example of TRAM:Cross-Domain-Solution,0,0.0312097426503896
2315030000000.0,looking out to the yew garden,1,0.5469176769256592
728736000000.0,Skip the recycling. Use your soda cans to make  bracelet cuffs instead!,0,0.0261903908103704
3173120000000.0,"They rise in quite an interesting way as well. Keep an eye on them so they don't burn, and make sure your pan is well-prepared for all that melted chocolate",0,0.0132172182202339
2912620000000.0,"""15 Thanksgiving Day Ideas for Couples. Holidays get so busy we sometimes forget our priorities. Keep your spouse at the top of your """"must do"""" list with these ideas. Thanksgiving traditions will create memories that you will treasure your whole marriage.""",0,0.0066542597487568
3899250000000.0,"Tao Xiangli gets out of his homemade submarine after operating it in a lake on the outskirts of Beijing September 3, 2009. Amateur inventor Tao, 34,  made a fully functional submarine, which has a periscope, depth control tanks, electric motors, manometer, and two propellers, from old oil barrels and tools which he bought at a second-hand market. He took 2 years to invent and test the submarine which costs 30,000 yuan ($4,385). (Photo by Christina Hu/Reuters)",0,0.0654816403985023
3012050000000.0,silver soda can and glass with white background - Stock Photo,3,0.5780340433120728
1213020000000.0,"""Operation Surf Santa Cruz is an annual event that honors active duty military soldiers through """"an epic life-changing surfing experience.""""Many of the soldier who participate lost limbs while serving their country fighting in war zones. Soldiers are able to rebuild their confidence and heal in a positive way by learning how to surf with help from legendary professional surfers who live in Santa Cruz.""",0,0.0331720635294914
2285300000000.0,what do you want to know about alta motors electric street tracker,1,0.0243745576590299
185681000000.0,Ebook download and read online electronic book button or icon,1,0.0158848389983177
2030540000000.0,hyster h40 h forklift will not go forward or backward stuck brakes,0,0.0325691662728786
786630000000.0,Set of empty picture frames for your own vector,2,0.1206305176019668
3079120000000.0,Brindle pendant in light grey with copper interior,3,0.7494232058525085
884530000000.0,Radar monitor - Aircraft radar for airport with world map...,2,0.1643717288970947
2325200000000.0,Girl in the gym lifting up the barbell - silhouette,3,0.7041217684745789
3400870000000.0,Modest partisan differences in views of elected officials,1,0.0847129747271537
4010450000000.0,One reason Millennials book cruises is the low cost - contrary to popular belief,0,0.0095523279160261
3232980000000.0,"A darkened hall filled with server racks on either side and a silhouette of a Facebook worker at the end, in the company's Prineville, Oregon, data center.",2,0.2498064935207367
3377090000000.0,"Containers have grabbed a large share of the intermodal freight business, and here's a miniature trainload of them at the model railroad show. Standardized sizes contribute to their efficiency, but containers visually vary only in color and markings so are aesthetically boring.  - Photo by Tom Berg",0,0.0371862575411796
1564060000000.0,be a donor be a hero,0,0.0268120318651199
1487040000000.0,A cartoon on the situation with languages in Ukraine cartoon.,1,0.1351670175790786
3237780000000.0,100% WOOL ZIPPED CARDIGAN,2,0.2523632347583771
3186720000000.0,The course has a convenient location in the community of Fernie.,0,0.1021628007292747
2502290000000.0,Young alligators basking in the sunlight,3,0.8990037441253662
2595530000000.0,Famous burj al arab hotel dubai 6 said to be the for Dubai world famous hotel,0,0.0149484807625412
1928020000000.0,COLROVIE Culotte Leg Elegant Cami Jumpsuit Women Box Pleated Sexy V Neck Jumpsuits 2017 Fall Surplice,1,0.0255879256874322
4276520000000.0,Among Us. (Innersloth),0,0.0197778847068548
3455690000000.0,pencil crafts for back to school and beyond,1,0.0606940574944019
3425120000000.0,"Sunflowers on Saturday, when I felt called to ask David to photograph me with them since they played such a role in my dreams.",1,0.0134899858385324
2718150000000.0,Download car and vehicles decal graphics kit designs ready to print and cut for vinyl,0,0.1053018420934677
3574700000000.0,Hydroponic Fodder ProFeed Growing System,1,0.0248192325234413
1779750022.0,Top sweet and fortified wines of 2012,1,0.0470709614455699
2329410000000.0,Ammonia is often used in cleaning products because it reacts with grease making this easier to remove,0,0.0136611992493271
208362000000.0,They do not take ownership of valuable deposited with them?,0,0.0148491878062486
2620600000000.0,Can i push out my wall to get an 8x8 bathroom leave me for Small bathroom design 5 x 8,0,0.0213284268975257
64349003027.0,Zero Zebra Safari Party Dairy-Free Chocolate Animals,1,0.0555420815944671
1221320000000.0,Making one of these wall hangings is a great way to use up old yarn ...,0,0.0395993627607822
3820660000000.0,"6 Pack - 16 Ounce Grolsch Bottles with Easy Cap Flip Top Caps for Brewing Beer, Kombucha, Kefir, Water, Thick High-Grade Glass, Resealable, Clear, by California Home Goods",0,0.0205480325967073
2955810000000.0,christmas bible verses for preschoolers five scriptures about children should 664,1,0.0282771866768598
2407670000000.0,Bomag reports that their single direction vibratory plate compactors are great tools for contractors' day-to-day use in soil and asphalt repair and maintenance compaction applications.,0,0.0156629588454961
1276410000000.0,"""Augustabernard bias-cut satin evening gown, c.1930. Label: """"Augustabernard"""" with a stamped couture number on the back.""",0,0.0203850269317626
1191890000000.0,"I am an Aspie Girl A Book for Young Girls with Autism Spectrum Conditions by Danuta Bulhak-Paterson, Tony Attwood",1,0.0342369712889194
3331620000000.0,How to graduate as a successful edupreneur,0,0.0215263236314058
3959100000000.0,Pocket watch: technically interesting pocket watch with rare crown winding in manner of O.,1,0.0750481337308883
2824090000000.0,garland for stairs christmas house tour decorating ideas how decorate for,0,0.0298164151608943
4020950000000.0,"This Mexican Layer Dip is easy to make and full of flavor! With layers of spicy black bean dip, homemade guacamole and fresh corn salsa it's the perfect party appetizer or snack!",0,0.0369166992604732
1155360000000.0,Tan Cartoon Doctor Man Carrying His - African American...,0,0.3294866979122162
3734550000000.0,"The DJI Osmo kit includes the grip, gimbal, camera and device holder for your smartphone (there is a companion app).",1,0.0267829820513725
15970030704.0,2013 New arribal digital holly quran mp4 player wholesale price and 28 language translation(China (Mainland)),0,0.00969426240772
180060000000.0,Shopping bags isolated on the white background,3,0.3331164121627807
2980440000000.0,Your spa decor should reflect your target market's preferences.,0,0.0315666906535625
4138480000000.0,hwaseong-fortress-suwon-part-2,0,0.0149889634922146
1460150000000.0,Julbo Eyewear - Atmo Goggle (4-8 Years Old) (Red Trans Orange Lens) Snow Goggles,1,0.0328036844730377
3681060000000.0,Grey and yellow consulting or planning concept infographics set,2,0.0751392990350723
1658060000000.0,"EFCC operatives evacuating the safe, the house where the cash was hidden and the money",1,0.1828141659498214
1172380000000.0,A Chinese man walks past a billboard for a new commercial development which reads 'Shangrila is in your mind but your buffalo is not' in Beijing (file photo),3,0.1633806973695755
3811370000000.0,How to install an SSD in a laptop | computer tutorial,1,0.1457964181900024
3721440000000.0,"Banque De Francs, French Banknote Assortment, ca. 1945-1961.",0,0.0152551643550395
2074430000000.0,tarek christina tarek and christina el moussa s divorce affects their,0,0.014102772809565
3809780000000.0,Phoenix Suns are changing their perception to the basketball world,0,0.0727904066443443
168541000000.0,"Well Established and Well Equipped Butchers, Fruit and Vegetables, Frozen Seafood Plus Convenience Groceries, South London for sale",1,0.0135835036635398
2523990000000.0,capricorn tattoos designs ideas and meaning tattoos for you,1,0.0298427063971757
155842000000.0,pic of gesture  - vector illustration of collection of hand gestures - JPG,2,0.0437199398875236
3129330000000.0,The rescued soccer team members pose with a sketch of the Thai Navy SEAL diver who died while trying to rescue them.,1,0.4345467090606689
104819000000.0,"chubby woman eating on scale stock photo, chubby woman on the scale eating a yogurt, isolate on white by iMarin",2,0.71502286195755
1079080000000.0,Salman and Sonakshi in Dabangg 2,0,0.1307882964611053
2133140000000.0,businessman in modern office writing ghostwriter in the air,2,0.0318192653357982
4199300000000.0,"A film still shows two panels, with green ink. On one of them, the letters RELIC can just be made out as the ink is bleeding and blurring away.",2,0.05745530128479
1409540000000.0,"National MS Society's Katie Boothroyd, Board Member Joan Ohayon. Photo by Tony Powell. Tea Honoring Women of the Diplomatic Corps. June 28, 2016",1,0.0204264614731073
177163000000.0,child tying his own shoes,3,0.8774693608283997
2327350000000.0,what is a research process paper The term research paper may also refer to a scholarly article that contains the results of original research or an evaluation of research conducted by others most scholarly articles must undergo a process of peer review before they can be accepted for publication in an academic journal.,0,0.0118459919467568
3359770000000.0,A boy volunteer with birds on his shoulders,3,0.9601746797561646
1814900000000.0,"A lounge room of greys and creams, black and white prints all come together to make this a relaxing and peaceful space",1,0.3578153252601623
2192370000000.0,lush greenery at National gallery of modern arts - Bangalore,1,0.0390405766665935
1333090000000.0,"Chanel 5, the first perfume i received as a gift.  Love it!",1,0.0177245996892452
4217450000000.0,large patio roof with adjustable louvres for outdoor seating weather protection and shading,2,0.5943586230278015
1956330000000.0,floor plan drawing software create your own home design easily,1,0.0567787438631057
935817000000.0,Trump on etch a sketch,1,0.0292452685534954
183554000000.0,Couple sat by basket full of grapes,3,0.8929217457771301
30471004547.0,"Annual: The event, celebrated every year to herald good monsoon rains for increased rice harvest, prosperity and goodluck, is one of the main festivals observed by both the Buddhist and Hindu communities of Kathmandu",0,0.0122002968564629
1549670000000.0,Antioxidant rich RED salad with lemony dressing is delicious lunch!,1,0.1375824064016342
715103000000.0,vintage book and light bulb on wood table,3,0.9600698947906494
2533460000000.0,spence cabin weddings,2,0.1801094710826873
770970000000.0,"Graphic on Australia's Tasmanian Devils, rare carnivorous marsupials in a battle for survival against a contagious facial cancer. It's been hundreds of years since the Tasmanian devil last lived on the Australian mainland but, in the misty hills of Barrington Tops, a pioneering group is being bred for survival",0,0.034836396574974
2314500000000.0,remodeling small bathroom ideas on a budget small bathroom remodel on a budget brown ceramic tile floor walk,0,0.6736428737640381
1691840000000.0,"When a 17-year-old Sharapova burst onto the scene in 2004 by winning Wimbledon, she was an immediate hit. Sure, her 6-foot-2 frame and model-like looks don't hurt, but with a power game that is every bit as strong as the Williams sisters' and a first serve that, when she lands it, is arguably the best in the women's game, Sharapova has proven that she's more than just a pretty face.",0,0.0218532606959342
1142010000000.0,A fish eye photo of people climbing high ropes,3,0.9392069578170776
2586350000000.0,30 sliding barn door designs and ideas for the home With barn door wide opening,1,0.5390515923500061
1706130000000.0,GSM Functionality GSM Technology is a special design which can be used in conjunction with a variety of signallers depending on the pig configuration.,0,0.0205536298453807
875150000000.0,Kendal Town Council are calling for a bypass to solve traffic problems after Storm Desmond,0,0.0429770983755588
3389760000000.0,Are You Am I - Faira Dress **white,0,0.0102075012400746
1888960000000.0,interior home design also with a interior wall design also with a,0,0.3475030362606048
1874910000000.0,new cars with best warranty all about extended auto warranty contracts leadhub,1,0.0134401880204677
3554540000000.0,"how to make fabric flower rosettes, tutorial",1,0.2616891264915466
1961720000000.0,Nominated banks roles and responsibilities under a letter of credit transaction.,0,0.029825834557414
2482490000000.0,Kingsbrook animal hospitals blog preferred veterinary care in two beloved basenjis kylie and cricket in a house fire in april of 2012 i was devastated my world revolved around my dogs since my husband and i do solutioingenieria Images,0,0.0131208961829543
3552080000000.0,Black & White Houndstooth Infinity Pocket Scarf - Travel Scarf - The Poppy Stock,1,0.1441465318202972
2068520000000.0,favorite colors on taupe benjamin and paint colors,1,0.232783704996109
172223000000.0,"Hand wrapping Basics - How to wrap your hands for boxing, kickboxing, and Muay Thai with long wraps",1,0.0273907110095024
3541040000000.0,Tropical Leaf Necklace 16,2,0.3917259573936462
1968440000000.0,cbd infographic why patients are leaving big pharma,1,0.0356590263545513
1569550000000.0,Minecraft cake - Both tiers are vanilla cake with vanilla buttercream covered in fondant. The tiles are all modeling chocolate (the greens are candy melt modeling chocolate). The man and the animals are gumpaste. The lettering is also modeling chocolate.,1,0.0589566342532634
3019300000000.0,"Professionally edit your voiceover, audiobook or podcast",0,0.0107601303607225
1676410000000.0,"""Eli struggling to find cell service """"under the biggest cell phone tower in Paris""""""",0,0.0363622941076755
2556030000000.0,Old man cleans tables at KFC to take home leftover food for family,2,0.7088311910629272
1597280000000.0,Tying an olive dun with mallard wings,1,0.5897533893585205
1063430000000.0,A pretty paper garland adds a festive touch.,1,0.463363915681839
2250420000000.0,"Don't have time to shampoo your hair, but still want to look glam? Me too! And that's why I love this collection of easy, sexy, and stylish hair updos for dirty hair. Full tutorials included!",0,0.0107916807755827
2291610000000.0,how to remove a kitchen tile backsplash,1,0.5750308036804199
1739130000000.0,"Drawing notebook. never thought of including this inside a felt book, always had a separate art bag..",1,0.0210242196917533
722666000000.0,"Zaanse Schans, Netherlands - May 5, 2015: Tourist Visit Windmills And Rural Houses In Zaanse Schans",0,0.0071374117396771
1915020000000.0,A young beautiful girl holding a wild fox animal that was traumatized by a man and rescued by her and now lives as before Stock Image,2,0.7401943206787109
3326790000000.0,the majestic elephant - one of the big 5,1,0.2854048609733581
3129290000000.0,how to wear flat shoes to a wedding,1,0.5097880363464355
31105009983.0,"Losing out: BP will temporarily be locked out of lucrative deals, including contracts to supply the US military with fuel. It follows the 2010 explosion of its Deepwater Horizon rig, pictured",0,0.0162601452320814
1945830000000.0,Pirate kids and their treasure,2,0.407912939786911
3048520000000.0,QuickBooks - Access,0,0.0193719267845153
185758000000.0,"""Cranberry Chevron Rug - Deep red hues cut a rug here. The chevron is a """"go with anything"""" pattern and the cranberry color is a summertime hit.""",0,0.0651197955012321
3317090000000.0,STF has arrested the wanted accused who recruited fake teachers,0,0.0205458458513021
3501940000000.0,SUMMER HITS 2016 Mixed by DJ Golan,0,0.0112939001992344
21371017135.0,Poster of Seven Below,1,0.036015473306179
971170000000.0,Avatars of a male and in business suits.,3,0.4198765456676483
77654001602.0,"closet converted into mudroom | make a closet more functional by removing doors, adding a bench at kid height, hooks for jackets and baskets for shoes, sunscreen and hats",1,0.0622031204402446
163481000000.0,foto of florida-orange  - Jacksonville skyline in orange background in editable vector file - JPG,2,0.0338153056800365
2742290000000.0,"castle hotel and spa wedding photos, ceremoy and reception",2,0.040844477713108
1899290000000.0,Car insurance advice: How to keep your car safe in winter weather,0,0.0671505481004715
2035810000000.0,25 best ideas about spice storage on spice,1,0.0248226821422576
3821840000000.0,"""Steven Wright Quote: """"It's like the Wild West, the Internet. There are no rules.""""""",0,0.0098612485453486
9335012454.0,pathandpuddle:  How long do animals live?,0,0.0160641632974147
64292009538.0,"The Roman temple of Jupiter is seen in the background as Lebanese youths play in the snow on January 9, 2013. The worst storms in a decade left swathes of Israel and Jordan under a blanket of snow and parts of Lebanon blacked out, bringing misery to a region accustomed to temperate climates.",1,0.1157938987016677
4168670000000.0,Miyake celebrates with his team after winning a silver medal at London 2012.,1,0.1576426476240158
1019830000000.0,Fisherman on a small blue and white boat with fishing net between the waves of the sea. Liguria Italy,2,0.8097150325775146
179913000000.0,A lack of sleep could be caused the nutrients in your diet,0,0.0199001543223857
1809030000000.0,Springet fra Big Business til Smaller Business (Starting Over),0,0.0090484516695141
3605740000000.0,Bear standing in a field with trees and mountains in the background,3,0.9766248464584352
3507910000000.0,St Vincent de Paul,2,0.0755971223115921
3301210000000.0,Trendy seamless floral pattern in vector illustration,2,0.6702097654342651
3084660000000.0,Pregnant patient lying in hospital bed,3,1.0298689603805542
799137000000.0,Cute heart frame vector,3,0.3219304382801056
2660100000000.0,man standing on snow,3,1.012538194656372
72725006841.0,Two little girls playing in the pool — Stock Photo,3,1.0021661520004272
112551000000.0,Depressed Teenage Girl Hugging Knees On Bed,3,1.0232881307601929
141182000000.0,Handsome young man sitting on rock,3,1.038392186164856
3235090000000.0,5 Bedroom                                  5 Bedroom House and Lot For Sale in Filinvest 2 big photo 11,1,0.0048478813841938
1585900000000.0,A metro city with thousands of trees will soon chop down hundreds to prevent an emerald ash borer infestation.,2,0.1917491853237152
210570000000.0,Sea Gull Hunnington 1 Light Outdoor Post Lantern in Black 89129BL-12,1,0.085850290954113
2678970000000.0,Indonesian martial arts - Pencak silat tournament in SEA Games XXVI.,1,0.0161068756133317
32994004395.0,The Complete Book of Bible Basics,2,0.2481215298175811
2689710000000.0,"Anime Twin Cities, Inc.",2,0.0299696698784828
854075000000.0,"Ollie Murs seen arriving at Fearne Cotton's house for a BBC Radio One Christmas show on December 21, 2012 in London, England.",2,0.0204619634896516
3128280000000.0,The best tunes of the 80´s@Dj Sagg - Part III,1,0.0058576930314302
210212000000.0,Young Girls Running on Grass — Stockfoto,3,0.9006614089012146
50599008040.0,Two young women playing volleyball on beach,3,1.035359025001526
574668000000.0,Merry christmas snowman greeting card vector,3,0.4532727301120758
2161960000000.0,Usha 3417 1700 W Steam Iron (Blue),0,0.038582969456911
3899310000000.0,Two men preparing food on a barbecue,3,1.0141154527664185
3157910000000.0,Factory Price for Roof Roll Forming Machine Color Steel Roof Tile Roll Forming Machine supply to Ireland Manufacturer,1,0.0529657416045665
2318110000000.0,View of City Hall from the Rex Hotel,3,0.5118012428283691
3734130000000.0,Aruba prepares itself for the opening of The Ritz-Carlton,1,0.1777250617742538
183670000000.0,Girl Sitting On Beach With Christmas Tree And Hat,3,1.0164127349853516
3066350000000.0,Empire: Total War – Elite Units of the East,1,0.0184711758047342
1174240000000.0,a woman in a red peacoat holding a gift box,3,1.0297516584396362
4197210000000.0,L'Oreal Paris Hydra Genius Hyaluronic Acid + Aloe Liquid Hydrating...,1,0.0090993111953139
3600450000000.0,close up on the crispy salmon and pasta on a black plate,3,0.786819338798523
239450000000.0,"young man levitating in yoga position, meditation",3,0.9810036420822144
1108090000000.0,Sourpuss Gothic Spooky Purple Damask Dress,2,0.1129771918058395
16033043348.0,The House of the Dead,1,0.8297587633132935
2082840000000.0,Steve Madden - ROMINAA COGNAC LEATHER,1,0.028030315414071
8541091346.0,Post earrings - brown squares stud earrings - handmade jewelry,2,0.1593746542930603
204038000000.0,Flinders Street Station during the White Night Festival Royalty Free Stock Photos,2,0.1636697202920913
1133740000000.0,A ship moves through the Panama Canal at night Stock Video Footage,3,0.8738175630569458
2826540000000.0,Four Pieces Plain Pu Shoulder Bags,2,0.0599655173718929
20988022966.0,Baby shower pillow boxes,3,0.9002637267112732
4113790000000.0,All you need is Love and Rottweiler T-shirt,1,0.0306337922811508
43336005669.0,Couple on Bridge in Park,3,1.0083366632461548
179699000000.0,mother and kids playing on tropical beach,3,1.0198633670806885
2431700000000.0,Beyonce Superbowl Meme - beyonce at the superbowl photos the best internet hits of 2013 ny daily news,2,0.0054328683763742
179325000000.0,wheel loader toy isolated on white background photo,3,0.3646745681762695
1695870000000.0,"abstract background, blue soft flowing animation Stock Video Footage",2,0.1635881066322326
927222000000.0,PowerPoint template displaying adult man thinking and smiling with floating light bulbs,3,0.848185658454895
149349000000.0,illustration decorative frame background with gold(en) pattern with flower Vector,2,0.6189731359481812
3325600000000.0,Guadalupe Mountains National Park,3,0.351878821849823
3115360000000.0,An artist's impression of one of the satellites in the Galileo constellation,3,0.5639112591743469
124844000000.0,Stock Photo: Young woman practicing her violin,3,0.9870863556861876
1560940000000.0,"Leon Osman of Everton shoots at goal during the Barclays Premier League match at Goodison Park, Liverpool<br /> Picture by Ian Wadkins/Focus Images Ltd +44 7877 568959<br /> 18/10/2014",2,0.0143030891194939
1989700000000.0,Young man reading newspaper on bench in park,3,1.0273475646972656
3077740000000.0,Santa and Mary Claus Logo,3,0.0396935231983661
20086021184.0,Light blue shaded smooth teardrop chalcedony and amazonite necklace,2,0.1707644164562225
3149900000000.0,Walking Dead: Road to Survival 20.1.0.76491 Android for Windows PC & Mac,1,0.0079914238303899
181025000000.0,a young man wears a dollar bill taped over his mouth in protest against inflation and the rising cost of goods and services,2,0.8570703268051147
212936000000.0,Business woman with colorful graphs and charts,3,0.9216207265853882
4181220000000.0,I Can And I Will - Whiskey Glass,0,0.014528582803905
3563830000000.0,little girl brushing her teeth,3,1.0113624334335327
63595002238.0,Chairs on the beach — Stock Photo,3,0.3989139199256897
1729010000000.0,"Money mistakes, money tips, money hacks, credit card tips, popular pin, save money, grow your money, money management.",0,0.0128085985779762
35026002288.0,Crystal Red Clear Color 3D Button for Nintendo Wii Remote,3,0.165942758321762
2029550000000.0,Smoke Camouflage Tactical Fishing Face Mask Sun Shield Bandanas,2,0.3140887320041656
3841950000000.0,Jamal Murray 23 septembre 2020,0,0.0198836680501699
3396370000000.0,100 Wonderful Ways to Live to 100,0,0.0171065144240856
3700600000000.0,10ml clear glass dropper bottle,3,0.6475699543952942
2824450000000.0,American girl with red striped scarf eating watermelon outside,3,1.0095456838607788
2790630000000.0,black christmas tree gold ornaments,3,0.9099757075309752
1359710000000.0,Purchase Sale Discount Fashion Style,3,0.0321610011160373
981651000000.0,Regatta Sheepskin Collar Parka,0,0.7000616788864136
3435210000000.0,Most Comfortable Slippers for Mens,1,0.0729645267128944
2993230000000.0,Glazed Lemon Cake l Simply Scratch.com #glazed #lemon #cake #loaf #starbucks #copycat #simple #dessert,1,0.0161111019551754
179173000000.0,Landscape with sunbeams from clouds light the valley in the mountains photo,3,0.5815564393997192
2792360000000.0,John Legend and Chrissy Teigen at the Grammys,2,0.0782040283083915
4172210000000.0,Vimeo Video Marketing Services Orlando,0,0.0205918923020362
668011000000.0,radio gray isolated on white background,3,0.269165962934494
1157010000000.0,Parade of Homes Revolving Bookcase,1,0.0717109888792038
2189810000000.0,Мужские шорты Norse Projects Hauge Swimmers Marginal Blue фото- 3,0,0.0053614201024174
110569000000.0,White colour block pencil skirt,3,0.9155381917953492
2675860000000.0,greeting cards templates template frame design for greeting card royalty free stock,1,0.0479903407394886
4094440000000.0,a little girl sitting in front of a laptop,3,1.0375486612319946
2789590000000.0,Purple Flowers At Base Of Tree Coffee Mug,3,0.8861875534057617
2717500000000.0,zimopisec sent you a blue dragon!,0,0.0401085689663887
236585000000.0,Canadian Geese Long Sleeve T-Shirt,2,0.5049808025360107
10964060642.0,Retro-train of Moscow Metro.jpg,2,0.060536365956068
3455930000000.0,Active Life Explorer Bundle,1,0.0923791229724884
1750140000000.0,Cute child girl with wild flower on summer sunset field Royalty Free Stock Photo,3,0.9317690134048462
3569730000000.0,Basic coloured high neck sweater,3,0.6733545660972595
1453440000000.0,Shkodran Mustafi of Germany heads the ball to score his team's first goal during the UEFA EURO 2016 Group C match between Germany and Ukraine at...,1,0.016931228339672
2956070000000.0,man doing a wall painting,3,0.984447717666626
1897170000000.0,Person using telephone headset,3,0.8828824758529663
10385026966.0,A young man in a white suit standing on sea shore with a map - Foto de Stock,3,0.9628153443336488
1380020000000.0,2pcs Bike Wrench Bicycle Repair Tool Mountain Bike Disassembly Spanner,2,0.1580076813697815
6896056140.0,Double Chocolate Mocha Cookies (Gluten-Free and Vegan!),2,0.0603211745619773
1565430000000.0,The Grand Mosque of Paris,2,0.6672510504722595
126843000000.0,Green and blue concentric squares quilt,2,0.6598412990570068
208658000000.0,two horses playing in the snow,3,1.0336964130401611
1885250000000.0,"EVGA Z370 FTW, LGA 1151, Intel Z370 ATX motherboard - BRAND NEW IMPORT FROM USA",0,0.0056972904130816
3986090000000.0,Penelope G - Turn Me On,0,0.0228573568165302
228680000000.0,"i don't know how to explain it, but i think i am. that is probably why he is my favorite character from dragon ball z.",0,0.0107299648225307
140676000000.0,Rustic porch with apples and rocking chair Stock Photos,3,0.8815677165985107
102760000000.0,Ghostly cathedral wii remote skins,2,0.0753365010023117
2142060000000.0,"Additional photo for property listing at 5254 NW 22nd Avenue 5254 NW 22nd Avenue Boca Raton, Florida 33496 Estados Unidos",0,0.0125185633078217
3285140000000.0,Beautiful young woman in funny pajamas sitting near a Christmas tree with snow,3,1.0283252000808716
1768840000000.0,"2014 Ford F-150 for sale in Salisbury, MD",0,0.0163718238472938
2035600000000.0,Actor Daniel Sharman attends the Maxim FX and Home Entertainment ComicCon Party on July 19 2013 in San Diego California,1,0.0177706386893987
2441570000000.0,Shoppers walking by the Trinity shopping centre in Leeds stock photo,2,0.6142445206642151
4247620000000.0,Audi at the Geneva International Motor Show 2019,1,0.035202469676733
2331470000000.0,Small animal metal dog crate,3,0.9187620878219604
212935000000.0,Father and son playing together in the park,3,1.0310726165771484
13004021934.0,Rare statue of Stalin in Military uniform in Grutas Park Lithuania,2,0.3942084908485412
1803530000000.0,"A girl plays a game at the Wonderland fun centre in north western Tehran, Iran.",2,0.6160726547241211
1412580000000.0,Wer will es mehr? ebook by K Windsor,2,0.0092429472133517
1001490000000.0,Bald man working with weights on beach,3,1.0302916765213013
2332560000000.0,The group in the Alps,2,0.9380687475204468
1594160000000.0,A set of seamless retro Zig zag patterns,3,0.5653533935546875
148719000000.0,Young man reading a newspaper,3,1.0158735513687134
3626730000000.0,Kids having fun at Keystone Summer Festival in Colorado,3,0.284687727689743
203320000000.0,Vector silhouette of a man who plays golf. — Stock vektor,3,0.7080938816070557
1418870000000.0,"The logo of Toshiba Corp. is seen at the company's facility in Kawasaki, Japan February 13, 2017. Picture taken February 13, 2017. REUTERS/Issei Kato",1,0.0393297336995601
3900910000000.0,two women smoking while leaning on yellow wall,3,0.9979340434074402
24995005978.0,Army camouflage trucker hats,3,0.823673665523529
72056001748.0,"Le CSA veut contrôler YouTube, Dailymotion et iTunes | (Media & Trend) | Scoop.it",0,0.0053956187330186
3994910000000.0,Wind power in Greece: Vestas wind turbines for a 88 MW wind farm,1,0.0859693512320518
2579980000000.0,"Environmental Protection Agency Administrator Scott Pruitt speaks during a briefing at the White House on June 2nd, 2017, in Washington, D.C.",1,0.0318309552967548
2767100000000.0,Abstract Merry Christmas background with tree vector image,3,0.7129412293434143
2645630000000.0,"944 Marion Avenue, Fort Worth, TX 76104 (MLS #13960613) :: Magnolia Realty",0,0.0055148219689726
2263500000000.0,Green palm leaf isolated on white background,3,0.7897056341171265
155628000000.0,Beautiful woman looking sunset,3,0.9818509817123412
235770000000.0,Profile picture for elefante numero 6,0,0.0299865491688251
137148000000.0,asian pretty woman sending kisses,3,0.9178705215454102
1008910000000.0,Handmade Candy Striped Glass Bead Necklace (India),2,0.7054644823074341
1228330000000.0,Two Mustang Horses Painting Canvas Print by Svetlana Novikova,2,0.2273090183734893
3704660000000.0,poilei  hw18 overkneestiefel francesca schwarz the fashion pheromone blogger look,0,0.0069767110981047
446889000000.0,"Businessman showing blank tablet pc, on grey",3,0.3414646983146667
3174800000000.0,Crazy Sparkle Greeting Card,2,0.5646213293075562
1444340000000.0,People attending an open air market in Chatswood,2,0.846355140209198
2693750000000.0,"Forth and Clyde Canal - The Forth and Clyde Canal, near Bonnybridge and Larbert",1,0.0306069478392601
2183060000000.0,Nocona Brown Hair with Leather Lacing Knife Sheath,2,0.4476256370544433
197666000000.0,"Real Estate for Sale, ListingId: 27631224, Carrabassett Valley, ME  04947",1,0.0077886912040412
3773990000000.0,graphite small shallow bowl,2,0.790237545967102
2697010000000.0,Dolly Bow Metallic Leather Pumps,2,0.5878408551216125
4177340000000.0,The Declaration of Independence,3,0.2229887545108795
4213980000000.0,Incense stick wooden stand Trefoil magenta,2,0.6263428926467896
4109780000000.0,Totally relaxed couple on the beach in lounge chairs,3,1.024749755859375
2906720000000.0,Screenshot showing a sticky add to cart bar on top,2,0.4229369461536407
3806080000000.0,the portrait of the rebel girl standing in front of the graffiti wall,3,0.9866743087768556
826447000000.0,"A model walks the runway at the Lala Berlin Show during Mercedes-Benz Fashion Week Spring/Summer 2014 at Opernwerkstaetten on July 4, 2013 in Berli",1,0.182503268122673
2771280000000.0,Group of people sitting on a yacht during event,3,1.0204685926437378
812605000000.0,beautiful little girl playing piano in light room - stock photo,3,0.9935563802719116
1590740000000.0,A model is seen backstage ahead of the Ermanno Scervino show during Milan Fashion Week Spring/Summer 2016 on September 26 2015 in Milan Italy,1,0.0560740455985069
100131000000.0,Greek soccer heart flag hat,3,0.7796361446380615
3804320000000.0,Setting a Christmas Tablescape,1,0.7059773802757263
3131860000000.0,Thumbnail for Time Machine Logo Template,2,0.0507030561566352
2399850000000.0,Arizona State Women's TAG Heuer Steel Aquaracer with MOP Diamond Dial,1,0.0533092319965362
2315260000000.0,recipe card template for word update 64971 recipe page template word 37 documents,1,0.0170829109847545
3270780000000.0,Lifting and dividing a clump of hesperantha rhizomes,1,0.187590941786766
3916710000000.0,Senior couple Nordic walking in park,3,0.9872769117355348
13113031139.0,Sugar Skull Pillow pillows,1,0.9037659168243408
3004250000000.0,The Big Bang Theory Season 7,2,0.0190597586333751
3407490000000.0,man sitting while holding balloons,3,0.9663452506065368
4006470000000.0,Commonwealth Hathaway Double Scalloped Valance hanging on a decorative rod,1,0.1943732351064682
1591370000000.0,Mini 2 Tier Elephant Diaper Cake Blue Gray by BabeeCakesBoutique                                                                                                                                                     More,1,0.0033111539669334
120236000000.0,Male Snowboarder Catches Big Air.,1,0.8114084601402283
779179000000.0,Little girl with sunlight in the forest Stock Photo,3,0.9821829795837402
2242250000000.0,A woman walks a dog on UVM's campus,2,0.9748488664627076
3731990000000.0,Closeup of a red wine bottle on a white background. With clipping path,3,0.8290335536003113
4203770000000.0,layering iron-on vinyl to make a tote bag,1,0.2258533239364624
1100260000000.0,Lavender plantation at sunset,3,0.6543956398963928
1031990000000.0,Mini boys red checked shirt,3,0.853685736656189
3678020000000.0,2014 Steel Structure aircraft hangar design,1,0.3729829490184784
2290800000000.0,Chest cooler sliding glass door cooler showcase,2,0.4994926154613495
143442000000.0,A woman watching television outdoors in the woods,3,1.025696873664856
2550490000000.0,"Rare Tapanuli Orangutan to be extinct soon, thanks to China's mega dam",1,0.0315110199153423
3091730000000.0,A painting of a man riding a horse in a forest,3,1.0379853248596191
2470300000000.0,Dogs Running on a Beach,3,1.027807593345642
3956950000000.0,How To Create A Social Media Holiday Strategy In 5 Easy Steps,0,0.0212439093738794
193787000000.0,The logo of the Orange telecommunication and internet provider is seen on the facade of a store in Paris,2,0.3455579578876495
2353400000000.0,Blue explosion isolated on white background,3,0.2289380580186844
742755000000.0,A mother having fun with her daughters on the beach - stock photo,3,0.9760871529579164
9869049400.0,"Unidentified group playing croquet, possibly Burkey family members",3,0.6813986301422119
2314020000000.0,creative resume templates for mac resume template cv template for word mac or pc professional,1,0.0234430823475122
3112500000000.0,Empty glass ball on the white background,3,0.921743869781494
1767200000000.0,"Paris Street; Rainy Day, oil on canvas by Gustave Caillebotte, 1877; in the Art Institute of Chicago.",2,0.0249134507030248
129902000000.0,"""Miranda Lambert and Blake Shelton held hands during their performance of """"America the Beautiful"""" in 2012.""",1,0.0212300326675176
2251680000000.0,Mom and son walking at the zoo,3,1.0295120477676392
10006016850.0,Wizard Island in Crater Lake National Park,2,0.7667111158370972
138190000000.0,Red Panda (Ailurus fulgens) sitting in a tree at a zoo.,3,0.9110328555107116
138267000000.0,Illustration of a cat playing under the tree on a white background Vector,3,0.9871762990951538
1019230000000.0,In God We Trust,0,0.0226555317640304
3727800000000.0,Beautiful tilted leaf design studded long earrings,3,0.4902485907077789
3036960000000.0,Ask the Child Therapist Episode 6: How Do I Keep My Kids Safe? The Best Lifesaving Tips.,1,0.0126988319680094
18249017894.0,Studded high waist Levi denim shorts S,2,0.0752820745110511
11919020912.0,Baby Doll Adult Mask,3,0.8810123205184937
2529040000000.0,A view of the lake at Desert Breeze Park in Chandler,2,0.7761954665184021
179823000000.0,Little girl sitting in armchair Stock Photos,3,1.006460666656494
2655240000000.0,palm tattoo palm tree tattoos designs ideas and meaning tattoos for you,1,0.1806197464466095
1114700000000.0,Cruise ship - Luxury cruise ship sailing from port on sunset...,3,0.2869904935359955
1095630000000.0,Coconut with coconut oil in jar on wooden background,3,0.7254170775413513
3424500000000.0,"Richard Madden arrives at the premiere of HBO's 'Game Of Thrones' Season 3 at TCL Chinese Theatre on March 18, 2013",1,0.0264755617827177
2462730000000.0,"Printable menu template, Wedding menu design template, Bridal shower brunch menu template, graduation, Modern menu digital download, 4x9 5x7",1,0.0225499756634235
3350060000000.0,A mirrored bedside table paired with a tufted headboard,3,0.7989236116409302
4128810000000.0,cotton gray striped apron with pockets,3,0.8462813496589661
2830600000000.0,Close-up of a young couple having a bath,3,1.020751953125
179067000000.0,"Visit of Catherine Ashton, Vice-President of the EC, to New York",1,0.0210245680063962
2335410000000.0,bootstrap templates for news free download newsfeed free news magazine bootstrap template,1,0.0137763926759362
450434000000.0,Closeup of many lit red lamps/lanterns in a temple,3,0.8336334228515625
3755890000000.0,Eleiko IWF Weightlifting Training Disc,0,0.0809305533766746
940284000000.0,Katy Perry is seen at Kate Hudson's annual Halloween party on October 30 2014 in Los Angeles California,1,0.0167496781796216
94186004140.0,Black & Decker BV3600 12-Amp Blower Vacuum at Sears.com,0,0.0628053545951843
3551110000000.0,St. Louis man on phone after car accident,3,0.7511181831359863
4214620000000.0,Red Retro Maroon Bells Framed Art Print,1,0.3090808391571045
139215000000.0,Woman wearing bunny ears,3,0.9926774501800536
1853270000000.0,"Napoli's Gonzalo Higuain celebrates after scoring his team's second goal against Lazio during the Serie A match on April 13, 2014",1,0.0610524602234363
16738021417.0,Hand Painted Birch Bark Bear Basket,3,0.952780306339264
764037000000.0,Green football ground on a white background,3,0.8547015190124512
2441580000000.0,Laptop puter Pillow Desk • puter Desk,2,0.5010173916816711
2858560000000.0,Queen Of The Evening Cream Maxi Dress by Lulus,2,0.0620263330638408
1928600000000.0,"""Baltimore Ravens Super Bowl 47 XLVII Champions Wincraft 11"""" x 17"""" Durable Plastic Sign""",1,0.0087656006217002
1396980000000.0,"Image: Brazilian police, firefighters and prison guards protest during a rally in Rio de Janeiro",2,0.2045775949954986
857747000000.0,idea for christmas clothespin,1,0.1745049655437469
192441000000.0,Yoga Sticker,2,0.1982480138540268
3477240000000.0,High Orbit Mats – Review,2,0.0349861457943916
3221410000000.0,chic everyday earrings with pearls,2,0.7378711104393005
2370870000000.0,7 Reasons Why the TRD-Packed Hilux will Make you Feel Like ...,0,0.0106426924467086
1117590000000.0,A-Line/Princess Scoop Neck Floor-Length Chiffon Mother of the Bride Dress With Ruffle,1,0.0726246833801269
3594640000000.0,Universal Mobile phone waterproof bag,2,0.1893465220928192
3402300000000.0,Citroen Xsara Vtx 16V Picasso Estate 1.6 Manual Petrol,1,0.0117907803505659
3070480000000.0,Premium Business cards gloss,2,0.0913082063198089
452855000000.0,Brisbane skyline in watercolor splatters bumper stickers,2,0.5698558688163757
1462470000000.0,The Boy Next Door - Official Trailer (HD),1,0.1575483977794647
3994090000000.0,HUANQIU Cheap Wholesale Ladies School Black Fashion Canvas Shoes In China,2,0.0668344795703888
138028000000.0,Obama - o terminal real cartoes,1,0.021408112719655
1100430000000.0,Conclusions  A simple applications of RDF decomposition  OWL based copyright ontology fits the task and stays in the domain of Semantic Web Tools ,0,0.0058706211857497
124317000000.0,The Babysitting Wars (Candy Apple Series #6),1,0.0247930455952882
3089900353.0,Glitter Glamour Sparkle Silver Business Card business cards,1,0.1956982761621475
166954000000.0,The Last of England,1,0.0411679036915302
1926010000000.0,WAKE UP YOUR IDEA PATCH - YELLOW - Hock Gift Shop | Army Online Store in Singapore,1,0.0161540694534778
3591750000000.0,2020 NORSTAR ST SERIES TRUCK BED,2,0.1050298959016799
3620580000000.0,Wilmington Blue Rocks Adult Navy Alt. Primary Logo Poly Tee,2,0.0609807297587394
3109670000000.0,REST IN PEACE  Our wonderful Bette Blackwell,0,0.0108009856194257
1826360000000.0,Group of pills Royalty Free Stock Photography,3,0.0165602844208478
3621510000000.0,How the Ear Can Hear,2,0.0504798404872417
952299000000.0,Buy Fat Face Satin Insert T-Shirt Online at johnlewis.com,1,0.0732861459255218
1714770000000.0,Ritter Sport. So many flavors!,1,0.0178600009530782
864845000000.0,"FREE Alphabet Gumballs - This is such a cute free printable activity to help toddler, preschool, and kindergarten age kids practice identifying upper and lower case letters. SO CUTE! (homeschool, alphabet, letter, alphabet activities, free printable)",1,0.020159400999546
3190870000000.0,Photograph - Patriotic Car by Jim Thompson,2,0.0327025242149829
4099190000000.0,"Load image into Gallery viewer, Making Peg Dolls by Margaret Bloom",1,0.0528015866875648
2682460000000.0,KEEN Men's Louisville 6'' Waterproof Steel Toe Work Boots,2,0.1275535672903061
2661940000000.0,"""Телескоп Celestron Advanced VX 8"""" S""",0,0.008262607268989
2426310000000.0,"It Is Finished, Hooded Sweatshirt, Black, Small",2,0.0670267418026924
1150560000000.0,simplifying-documentation,1,0.0269962698221206
489161000000.0,24 Colors Available Glitter Shimmer  Plain Viscose Scarf  Fashion Spring Women Scarf Long Women Shawl Muslim Shawl Plain Hijab,2,0.0221113059669733
2850990000000.0,Sea life seamless wallpaper. Cartoon vector illustration,2,0.0790817812085151
3587150000000.0,Veste running homme run warm gris kalenji,1,0.0373796746134758
4184530000000.0,Details about Naga Chaitanya's web series,0,0.018685944378376
30768012054.0,Unit Circle Calculus Mug,2,0.2111772000789642
2150850000000.0,"Paulette magazine, issue 3, 2012 | Magazine Cover: Graphic Design, Typography, Photography |",1,0.020419767126441
2497860000000.0,Milky Way Over Bell Duvet Cover,2,0.0665072277188301
2814540000000.0,Clinique Almost Powder Makeup Puder-Make-up LSF 15,2,0.014827724546194
3552200000000.0,Awesome Details About Medical Drafting Office Chair Stool W Chrome Footring Bralicious Painted Fabric Chair Ideas Braliciousco,1,0.0387435480952262
3425270000000.0,Snapcode Partner International,0,0.0259457901120185
1342920000000.0,Love homemade burgers!!!,1,0.044764157384634
2828090000000.0,Bernina Sewing And Embroidery Machines Mesmerizing Bernina 560 Sewing Machine Price,1,0.0412104167044162
31864012272.0,Native American Curly Stripes - 1 Tshirt,2,0.0719412714242935
2532840000000.0,free resume template for teaching position teacher templates designed specifically educators mind all loaded,1,0.0208819899708032
2670090000000.0,Polo 01 Shower Curtain,3,0.2213904559612274
4067020000000.0,"Toray Ultimate Pe Green 100м. 0,165мм. 11lb",1,0.0085490234196186
4020240000000.0,Mini Muffin Cake Baking Pan 12/24/48 Holes Cupcake Mould Non Stick Carbon Steel Oven Trays,2,0.1024141833186149
9742019367.0,Glossy logos of 9 different animals in various colors,3,0.3488773703575134
2241650000000.0,"Today's Cool Car Find is this 1970 Dodge Challenger for $50,000",1,0.0127560067921876
2858250000000.0,MUSTANG ROAD RACE ROLL CAGE (2005-14),2,0.1345521062612533
1655310000000.0,a man walking into a store,3,1.032894730567932
3352540000000.0,Regina Mum Jeans In Light Wash,2,0.6488404870033264
23000011037.0,L'Hobbit. Come l'effetto cocktail party neutralizza il 3D,1,0.0077531971037387
1458110000000.0,Love you with hand drawn letters vector image,2,0.0938286036252975
1548310000000.0,Logo Design by RasYa Muhammad Athaya - Entry No. 91 in the Logo Design Contest Inspiring Logo Design for retrofit design.,1,0.0141638005152344
179152000000.0,The Red House on the Beach - Stinson Beach vacation rentals,2,0.5873587727546692
4013030000000.0,SANDAO quality Thread locker sealants for screws,2,0.063614398241043
3621430000000.0,PHYSIQUE NUTRITION Creatine / 300гр.,1,0.019303098320961
1711850000000.0,Proud  American Md Grey Mug Back,2,0.0493469759821891
72392005081.0,Marathon - The Pride is Forever Fridge Magnets,1,0.0107994629070162
3360980000000.0,Bosch Quietcast Premium Disc Brake Pads (rear) For 08-09 Ford F-250 4WD * BP1067,2,0.0115327378734946
3967360000000.0,PlayStation Store 15£ (UK)...,1,0.0134161515161395
1062870000000.0,QED Red Stripe Asymmetric Hem Long Sleeve Jumper  | New Look,1,0.0970074832439422
49010004884.0,Blake Shelton - Live: It's All About Tonight,0,0.0109671410173177
2218250000000.0,Winter_wonderland_template-001_medium,1,0.017126876860857
1329210000000.0,Beta SL Hybrid Jacket Women's by Arc'teryx in Nanaimo BC,1,0.0137615362182259
45313004922.0,2Pcs/Lot New Large Size Good Quality DIY Decoration Fashion Tower Building Black Wall Sticker 6352,1,0.0334023088216781
2670820000000.0,Supplying the World's Leading Bakeries for Over 50 Years,0,0.0163218360394239
4258210000000.0,"Australian Shepherd, beautiful spotted dog, Aussie, cute animals, pets, dogs",3,0.1047393009066581
1433120000000.0,"Ground Zero, New York City",2,0.043850865215063
2637840000000.0,Pleated ombré print skirt,2,0.1534619182348251
758316000000.0,"Rapacki Józef - CLOUDS, 1922, oil, canvas on cardboard",1,0.0295208096504211
208290000000.0,Chinese Retro Person Stock Images,3,0.0574442744255065
15226006414.0,Halloween seamless background — Stock vektor #12647469,2,0.0120124267414212
3313970000000.0,Linda Farrow Austin C7 Cat Eye Sunglasses,2,0.0390390008687973
999798000000.0,46 Outline Statistical Analysis Results Viewing Multiple Comparisons REST Image Calculator Other Functions,2,0.0110556706786155
1267110000000.0,Easy Pumpkin Pie,2,0.8371297121047974
40507160000000.0,"Lot of 20 Feather headbands/masks Mardi Gras, Carnival,home decor",2,0.0693
